Dataset 1,Attempt Rate,On Rate
Fit \#1,1.11649907,249.3867214
Fit \#2,1.12996045,244.4814257
Fit \#3,1.11686919,554.4251734
Fit \textbf{Average},\textbf{1.12110957},\textbf{349.43110682}
