Dataset 2,Attempt Rate,On Rate
Fit \#1,1.02267246,938.1530678
Fit \#2,1.01831605,281.3379404
Fit \textbf{Average},\textbf{1.020494255},\textbf{609.745504115}
